{
  "project_info": {
    "project_number": "528174491370",
    "firebase_url": "https://bookadoctor-bf30d.firebaseio.com",
    "project_id": "bookadoctor-bf30d",
    "storage_bucket": "bookadoctor-bf30d.appspot.com"
  },
  "client": [
    {
      "client_info": {
        "mobilesdk_app_id": "1:528174491370:android:0d1c30d31689af6c",
        "android_client_info": {
          "package_name": "com.example.pemil.bookadoctor"
        }
      },
      "oauth_client": [
        {
          "client_id": "528174491370-vkkhpmko97qa6lgchr3eckuqvtq029fl.apps.googleusercontent.com",
          "client_type": 1,
          "android_info": {
            "package_name": "com.example.pemil.bookadoctor",
            "certificate_hash": "9904d5c0df508d0c27ee7a1f9a65a35189bcfcac"
          }
        },
        {
          "client_id": "528174491370-4df3cetbh8miduefrbe4bkuqkrc3g313.apps.googleusercontent.com",
          "client_type": 3
        }
      ],
      "api_key": [
        {
          "current_key": "AIzaSyDbPXa0eu9NdonUPwG_HGRlv2ToGIVKihY"
        }
      ],
      "services": {
        "analytics_service": {
          "status": 1
        },
        "appinvite_service": {
          "status": 2,
          "other_platform_oauth_client": [
            {
              "client_id": "528174491370-4df3cetbh8miduefrbe4bkuqkrc3g313.apps.googleusercontent.com",
              "client_type": 3
            }
          ]
        },
        "ads_service": {
          "status": 2
        }
      }
    }
  ],
  "configuration_version": "1"
}